first_name,last_name,email,ssn,ccn,ipv4
Gaven,Withnall,gwithnall0@spotify.com,231-31-8375,5048370929250009,0.119.63.89
Hermie,Giorgio,hgiorgio1@domainmarket.com,651-11-9512,5108753996251538,227.30.154.229
Miller,Maytum,mmaytum2@about.me,266-56-5007,5108751515114302,230.142.200.232
Effie,O'Regan,eoregan3@123-reg.co.uk,133-87-3446,5048370400186615,130.41.186.30
Starla,Linggood,slinggood4@merriam-webster.com,619-50-6491,5048370083353243,107.44.242.8
Jeanelle,Warricker,jwarricker5@1und1.de,561-50-3535,5108756745083623,210.27.5.152
Brandice,Gallihawk,bgallihawk6@scientificamerican.com,377-33-6286,5108759765086468,19.94.135.19
Bradley,Stainland,bstainland7@skype.com,758-39-7295,5048374873244448,114.136.212.234
Jakob,Breffit,jbreffit8@devhub.com,415-35-2679,5048376186247091,71.34.164.53
Kendricks,Rohlfing,krohlfing9@globo.com,856-61-8322,5048371006435703,205.209.127.138
Yuri,Side,ysidea@globo.com,769-39-6596,5108758076212508,79.123.251.11
Pauly,Bottrill,pbottrillb@alibaba.com,288-81-8197,5048376067470721,69.242.175.214
Corrianne,Mattke,cmattkec@reuters.com,695-61-4831,5108753019608482,2.138.134.103
Daloris,Allden,dalldend@nifty.com,451-98-9631,5108755974940099,78.175.190.226
Barri,McKea,bmckeae@discovery.com,405-90-4733,5108756276572739,73.154.125.207
Jeremiah,Cristofori,jcristoforif@seattletimes.com,575-24-9729,5108757721403108,88.68.22.121
Chrisy,Fairman,cfairmang@google.ca,288-64-7935,5048377419227447,127.195.57.155
Nicoli,Dyers,ndyersh@constantcontact.com,668-98-3994,5108755106653792,68.213.68.158
Godfrey,Verrechia,gverrechiai@wufoo.com,761-20-6925,5048378677649090,186.185.192.103
Bernadene,Gaven,bgavenj@intel.com,719-11-9150,5108750015252265,2.12.234.143
Salome,McTavy,smctavyk@posterous.com,628-82-3597,5108751811495975,242.138.100.137
Ki,Steketee,ksteketeel@prlog.org,530-42-0738,5108758709097755,145.210.123.50
Chic,Keaysell,ckeaysellm@meetup.com,798-60-5593,5048373459961193,103.158.113.43
Sarene,Lucia,slucian@merriam-webster.com,602-17-3971,5108756326837934,204.46.220.228
Rog,Batrick,rbatricko@ox.ac.uk,729-06-3468,5048373202337725,222.175.79.55
Sib,Knewstubb,sknewstubbp@live.com,192-32-5698,5048379054346334,75.65.138.172
Yetty,Tort,ytortq@tuttocitta.it,336-23-7691,5108758929050865,199.203.84.225
Fax,Duhig,fduhigr@bloomberg.com,774-68-7842,5108750758967350,197.9.29.78
Kelbee,Shyres,kshyress@i2i.jp,296-64-8665,5048371607031190,14.199.29.104
Manny,Bryns,mbrynst@state.gov,811-73-1219,5108756671283213,117.200.189.133
Dallas,Bahia,dbahiau@tamu.edu,367-55-0795,5108758706033340,21.220.54.249
Esmaria,Reoch,ereochv@paypal.com,793-30-5132,5048374399929910,2.138.197.233
Fanni,Crewther,fcrewtherw@prweb.com,837-52-9035,5048370555856467,144.217.76.192
Alf,Cansdale,acansdalex@blinklist.com,231-83-5518,5108755657695796,151.204.169.30
El,Riddler,eriddlery@ocn.ne.jp,322-82-6264,5108750247796642,194.105.51.164
Ram,Von Salzberg,rvonsalzbergz@imdb.com,148-89-8743,5108757598228778,9.51.203.104
Lorne,Riddles,lriddles10@wikispaces.com,310-63-1170,5048378615714600,216.150.101.10
Guinna,Twiddell,gtwiddell11@nifty.com,635-86-7168,5048374576453767,232.125.185.50
Terri-jo,Luxen,tluxen12@sohu.com,207-05-0887,5108751188498917,38.91.33.177
Bernadette,Eisold,beisold13@archive.org,673-62-8330,5108755126981769,12.192.1.50
Joyous,Lalevee,jlalevee14@wufoo.com,245-73-5127,5108759500866364,254.97.146.91
Rubia,Penfold,rpenfold15@vimeo.com,179-33-6839,5048370069310019,49.202.180.49
Demetris,McWard,dmcward16@51.la,722-74-6609,5108750869547992,73.68.40.127
Nixie,Chawner,nchawner17@theatlantic.com,836-11-4176,5108756658547572,251.91.167.135
Margalo,Tayler,mtayler18@noaa.gov,685-62-7919,5108757714947657,90.220.193.109
Geoffrey,Yarmouth,gyarmouth19@blog.com,221-65-6661,5048374197035464,150.135.197.189
Maximilianus,Yellowlea,myellowlea1a@state.gov,196-66-8239,5048379866834071,241.77.82.56
Muffin,Whiteson,mwhiteson1b@webnode.com,580-28-9487,5048377719056538,184.1.30.162
Mitchael,Pyne,mpyne1c@jimdo.com,892-22-4914,5048374206175707,13.228.3.200
Lorelei,Downes,ldownes1d@amazonaws.com,233-01-2950,5108754839976687,84.85.105.20
